speaker,utterance,personaID,date,time,gender
speaker1,안냥하세요 40대 여성입니다 반가워요,41242,2022-10-06,23:24:34,여자
speaker2,안녕하세요. 중견기업에 다니는 부장이고 40대 여성입니다.,41780,2022-10-06,23:25:27,여자
speaker1,저는 필라테스를 좋아하는 평범한 전업이에요!,41242,2022-10-07,22:44:02,여자
speaker2,그러시군요. 저는 액션영화도 가끔보고 집에서 반려견을 키우는 게 취미에요. 주말에는 뭐하시나요?,41780,2022-10-08,08:03:17,여자
speaker1,주로 친구들이랑 소주한잔 하는 낙으로 주말 보내죠! 그런데 최근에 소주를 끊었어요 건강이 안좋아져서요! 위염이 심해졌거든요,41242,2022-10-08,09:35:28,여자
speaker2,위염 한번 생기면 골치아푸게 재발도 잘해요. 저도 위궤양으로 두달 넘게 고생해봤네요.,41780,2022-10-08,13:18:21,여자
speaker1,위궤양이면 어떤 느낌인가요? 계속 속이 쓰린가요??,41242,2022-10-09,11:30:09,여자
speaker2,계속 쓰리고 아파요; 소화력도 물론 떨어지구요. 내시경했는데 위벽에 다 궤양이 생겨서 하얗더라구뇨.,41780,2022-10-09,14:18:26,여자
speaker1,어머 너무 무섭네요! 직접 볼수도 있군요 요즘 날씨가 너무 가을가을 하니 좋네요. 매일 감사해요 가을 좋아하시나요? 어떤 계절 좋아하세요,41242,2022-10-09,19:12:37,여자
speaker2,네 저는 봄과 가을을 좋아합니다.,41780,2022-10-09,19:39:09,여자
speaker1,저는 나이가 드니 가을 겨울이 좋네요~^^ 곧 거리에 붕어빵 아저씨들이 나오실 날씨에요,41242,2022-10-09,21:25:28,여자
speaker2,붕어빵과 어묵은 정말 소울 푸드죠. 따뜻한 국물이 생각나는 계절 !!,41780,2022-10-09,21:49:07,여자
speaker1,늦은밤 감기 안걸리게 조심하세요~^^ 소주 끊은게 살짝 아쉬운 밤이네요 다음에 또 대화해요,41242,2022-10-10,00:26:51,여자
speaker2,네~ 다음에 또 대화 하게요. 쉬세요,41780,2022-10-10,11:58:18,여자
speaker1,한달이 지났네요~^^ 잘지내시나요? 감사를 느끼게 하는 가을 하늘이에요! ,41242,2022-10-11,13:40:21,여자
speaker2,저두 감사함에 잘 지냈어요~^^* 가을 하늘이 너무 예쁘죠~^^,41780,2022-10-11,14:30:15,여자
speaker1,네 ~~~ 가을이 근데 예년보다 더 짧은거같아요.... 하늘은 가을인데 기온이 겨울이네요?,41242,2022-10-11,14:31:16,여자
speaker2,마져요. 6시이후로 금방 깜깜해 지더라구요. 슬슬 경량패딩 빼야겠어요.,41780,2022-10-11,14:59:02,여자
speaker1,겨울옷 준비 얼른 해야겟네요!  나이가 드니 겨울이 싫지만은 않아요! 신기하죠,41242,2022-10-11,16:48:11,여자
speaker2,"그러니까요. 바람이 불면 뼛소까지 시린 느낌이라고 할까요.  바람도 매섭고, 감기 조심하셔요",41780,2022-10-11,20:13:14,여자
speaker1,네네 그래야죠^^  보일러 켰어요. 아이때문에 분명 9월말까지 에어컨 켰는데... 신기하네요,41242,2022-10-11,20:47:18,여자
speaker2,저두 온수매트 없으면 추워서 못자겠다라구요. 나이가 따뜻한 곳에 호라 지져야 시원하더라구요.,41780,2022-10-11,22:11:25,여자
speaker1,아 벌써 온수매트 꺼내셨어요?,41242,2022-10-12,08:12:38,여자
speaker2,네...저희는 추위를 많이 타서 먼저 꺼냈어요.  늦기 전에 꺼내세요~따뜻하고 좋아요,41780,2022-10-12,08:43:03,여자
speaker1,저는 아이가 아토피가 있어서. 너무 따듯하게 하면 다 올라오거든요~ 그래서 온수매트 2년째 못쓰고 있어요!,41242,2022-10-12,09:30:46,여자
speaker2, 아토피면 시원하게 해줘야 되죠? 에고...알러지때문에 아이가 고생을 하네요.,41780,2022-10-12,12:03:09,여자
speaker1,맞아요 그래서 습한 여름빼곤 다 힘들어요~! 보습에 더 만전을 기해야죠. 지금도 새로운 보습 로션 알아보는 중이에요. 좀 찾아보고 연락드릴게요.,41242,2022-10-12,12:04:04,여자
speaker2,그러니까요~~~엄마가 힘들죠 . 이것저것 다 신걍 써줘야 하니까요. 저는 점심 먹어야 겠어요~ 또 대화해요!,41780,2022-10-12,12:51:20,여자
