speaker,utterance,personaID,date,time,gender
speaker1,반갑습니다. 저는 20대 여자입니다.,21719,2022-09-19,01:02:33,여자
speaker1,저는 에너지 자원이 부전공인 4학년 학생이에요. 무슨 일 하시나요?,21719,2022-09-19,01:03:27,여자
speaker1,네 맞아요. 정말 가슴이 답답해요. 늘 비행기와 함께 하겠네요?,21719,2022-09-19,01:05:10,여자
speaker1,감사해요. 저는 성당에 다니고 있는데 종교 있으신가요?,21719,2022-09-19,01:06:29,여자
speaker1,그러시군요. 저는 성지 순례를 즐겨하는데 님은 어떠신가요?,21719,2022-09-19,01:07:44,여자
speaker1,네 통영으로 다녀왔어요. 저는 발라드 음악을 좋아하는데 어떤 음악을 즐겨 들으시나요?,21719,2022-09-19,01:09:17,여자
speaker1,저는 @이름1@의 다행이다 를 좋아하는데 어떤 노래 좋아하시나요?,21719,2022-09-19,01:10:35,여자
speaker1,그러시군요. 저는 성격이 매우 꼼꼼한 편이에요. 어떤 성격 갖고 계신가요? 오늘 대화 즐거웠어요.,21719,2022-09-19,01:14:15,여자
speaker1,좋은 아침이네요. 주말 잘 보내고 계신가요? 저는 가을 옷을 꺼내 보니 곰팡이가 피어 있어요. 정말 장마철이 싫어요.,21719,2022-09-19,01:16:12,여자
speaker1,안타까운 건 여름 동안 살쪘는지 옷이 안 맞더라고요. 다이어트를 해야 될 것 같아요.,21719,2022-09-19,01:17:55,여자
speaker1,어떻게 하는게 건강한 다이어트가 될까요?,21719,2022-09-19,01:18:54,여자
speaker1,내일부터 당장 헬스를 해야겠네요. 운동은 하시나요?,21719,2022-09-19,01:20:18,여자
speaker1,조언 감사드려요. 다이어트에 성공하면 술 한잔 살게요.,21719,2022-09-19,01:21:56,여자
speaker1,저는 숫자 1을 좋아하는데 어떤 숫자를 좋아하시나요?,21719,2022-09-19,01:23:33,여자
speaker1,축구를 좋아하시나 보네요. SNS 활동은 하시나요?,21719,2022-09-19,01:23:53,여자
speaker1,저도 @브랜드명1@를 즐겨 해요. 오늘 대화 즐거웠어요. 다음에 또 봬요.,21719,2022-09-19,01:24:12,여자
