speaker,utterance,personaID,date,time,gender
speaker2,안녕하세요~ 저는 중학교 수학 교사인 20대 여자입니다~,22129,2022-09-13,21:55:14,여자
speaker2,제가 좀 빠르게 붙은 케이스에요ㅎㅎ 학생이시군요.,22129,2022-09-13,21:56:38,여자
speaker2,좋을 때네요ㅎㅎ 그럼 요즘 뭐 하세요?,22129,2022-09-13,21:57:48,여자
speaker2,아 그러시군요. 저는 점심에 틈틈히 책 읽어요ㅎㅎ.,22129,2022-09-13,21:59:19,여자
speaker2,새내기이신데 열공하시나봐요ㅎㅎ음 저는 장르를 딱히 가리지는 않고 읽고 싶은 대로 읽어요ㅎㅎ.,22129,2022-09-13,22:00:32,여자
speaker2,음 사실 책도 책이지만 저는 콘솔 게임을 매일매일 해요ㅋㅋ콘솔 게임 아세요?,22129,2022-09-13,22:04:22,여자
speaker2,오ㅎㅎ나중에 재밌는 게임 알려드릴게요!ㅋㅋ.,22129,2022-09-13,22:05:55,여자
speaker2,네 좋은 밤 되세요! 저는 게임 좀 더 하다가 자야겠어요ㅎㅎ.,22129,2022-09-13,22:07:14,여자
speaker2,네 저는 어제 잘 잤어요ㅎㅎ 강의 시간에 졸았군요..ㅋㅋㅋ.,22129,2022-09-13,22:10:07,여자
speaker2,ㅋㅋ그럴 때도 있죠. 저는 예민한 편이라 아무데서는 잘 못자요ㅋㅋ 아 그나저나 주말에 친구 결혼식을 가야하는데 입을 옷이 없네요ㅠ.,22129,2022-09-13,22:11:54,여자
speaker2,아뇨! 고등학교 때 만난 친구라 같은 분야의 직업은 아니에요ㅋㅋ.,22129,2022-09-13,22:13:47,여자
speaker2,네ㅎㅎ전해드릴게요. 저는 주변에 결혼하는 친구가 많아서 괜히 조급해지긴 해요ㅎㅎ.,22129,2022-09-13,22:15:27,여자
speaker2,음 글쎄요 저는 가을을 좋아해서 가을이 좋을 거 같네요ㅋㅋ.,22129,2022-09-13,22:17:01,여자
speaker2,봄도 좋죠! 보통 봄에 제일 많이 결혼하는 거 같아요ㅋㅋ저는 뭐 아무 계절이나 결혼만 할 수 있다면야..ㅋㅋㅋ.,22129,2022-09-13,22:18:26,여자
speaker2,음 저도 그냥 학원에서 수업만 계속 하니까 팁이랄게..ㅋㅋ그냥 말을 아낀다? 이런거요ㅋㅋ별 거 없네요.,22129,2022-09-13,22:19:37,여자
speaker2,친구들끼리는 상관 없지만 사회생활 할 때는 말 조심하는게 최고 같거든요ㅎㅎ 제 경험상요.,22129,2022-09-13,22:21:23,여자
speaker2,네 대학도 어떻게 보면 사회생활 중 하나이니까 똑같다고 생각하심 될 거 같아요ㅎㅎ그냥 인생 선배로서 드리는 팁이에요.,22129,2022-09-13,22:22:50,여자
speaker2,네 즐거운 대학생활 하시길 바랄게요! 조심히 들어가세요!,22129,2022-09-13,22:23:58,여자
