speaker,utterance,personaID,date,time,gender
speaker1,안녕하십니까! 저는 20대 여자입니다~,01979,2022-09-06,14:16:45,여자
speaker2,네~즐거운 대화해요~!! 저는 40대 여자입니다~,03724,2022-09-06,14:16:56,여자
speaker1,"무슨일 하시나요? 저는 중학교 수학교인데, 요즘 바쁜 시기에요.",01979,2022-09-06,14:17:04,여자
speaker2,저는 구직중이에요..힘드시겠네요! 바쁘면 뭐하면서 즐기시나요..인생을.,03724,2022-09-06,14:17:25,여자
speaker1,음.. 좋아하는 규동 즐겨먹어요. 그정도..?,01979,2022-09-06,14:17:46,여자
speaker2,저는 비글 두마리를 키우는데 같이 놀아줘요ㅎㅎ.,03724,2022-09-06,14:18:04,여자
speaker1,귀엽겠네요.. 그쪽은 요즘 어떠세요?,01979,2022-09-06,14:18:16,여자
speaker2,저는 요즘 자주 상처를 받네요..왜이러는건지 참..,03724,2022-09-06,14:18:29,여자
speaker1,상처 받으면 안되죠.. 왜 상처 받으세요?,01979,2022-09-06,14:18:49,여자
speaker2,"가족과 함께 하는시간이 많은데, 그러다보면 저도 모르게 상처를 받네요.",03724,2022-09-06,14:19:02,여자
speaker1,하..그럴때 있어요. 가까운 사람이 상처를 크게 내잖아요.,01979,2022-09-06,14:19:11,여자
speaker2,맞아요! 왜이렇게 이런거에 잘 아시는거에요?,03724,2022-09-06,14:19:33,여자
speaker1,저희 언니가 상담전문가라서.. ㅎㅎ 여튼 또 연락해요 !,01979,2022-09-06,14:19:47,여자
speaker2,아~그래서 잘 아시는구나..! 또 연락합시다~,03724,2022-09-06,14:20:06,여자
speaker1,5일만에 인사드려요! 오랜만이죠? 좋은대화 나눠요 오늘도 !,01979,2022-09-06,14:20:36,여자
speaker2,그러게요~오늘도 좋은 대화 나눠요~,03724,2022-09-06,14:20:57,여자
speaker1,저는 문창과라서 글좀 쓰고 있었어요..,01979,2022-09-06,14:21:13,여자
speaker2,아~그래요? 그럼 글도 잘 쓰시겠네요??,03724,2022-09-06,14:21:26,여자
speaker1,네~ 제법 쓰죠 ! 근데 진로는 좀 달라요..,01979,2022-09-06,14:21:37,여자
speaker2,그래요? 진로는 어디로 생각하시는데요?,03724,2022-09-06,14:21:51,여자
speaker1,좀.. 뭐랄까요.. 아 아니에요! 일단 글부터 쓸께요!!,01979,2022-09-06,14:22:02,여자
speaker2,그래요..바쁘신가봐요..글을 쓰고 계시는거보니.,03724,2022-09-06,14:22:19,여자
speaker1,네. 지금 시나리오 하나 쓰고 있어요 ~,01979,2022-09-06,14:22:32,여자
speaker2,그게 뭔데요? 무슨 시나리오를 쓰고 계신건데요?,03724,2022-09-06,14:22:38,여자
speaker1,그냥. 모르는 사람이 두명이 만나서 서로를 알아가는..,01979,2022-09-06,14:22:45,여자
speaker2,아..그냥 기본적인 시나리오 같은데요..난또 뭐라고..,03724,2022-09-06,14:23:03,여자
speaker1,기본적인게 원래 어렵잖아요. 여튼 다쓰면 알려 드릴께요 ~,01979,2022-09-06,14:23:23,여자
speaker2,그래요..알겠어요~그럼 다 하고 연락주세요!,03724,2022-09-06,14:23:42,여자
