speaker,utterance,personaID,date,time,gender
speaker1,안녕하세요 저는 20대 여성입니다.,21649,2022-10-31,15:18:20,여자
speaker1,요즘 날씨가 쌀쌀해서 자주 외로워요..,21649,2022-11-01,09:54:01,여자
speaker1,네 저번주까지 시험공부를 하느라 못 놀았는데 이제 실컷 놀아야죠,21649,2022-11-01,14:43:42,여자
speaker1,아직 계획을 못세웠어요 계획있으신가요?,21649,2022-11-02,18:26:53,여자
speaker1,저도 저번주에 정보처리기사 자격증을 취득해서 이제 스터디친구들하고 맛있는거 먹으러 갈 것 같아요,21649,2022-11-03,16:22:00,여자
speaker1,시험문제는 데스크탑으로 만드시나요? 저는 노트북 활용을 잘해요!,21649,2022-11-04,23:52:35,여자
speaker1,저는 더운 여름이 너무 싫습니다. 더워서 짜증이 쉽게 나거든요,21649,2022-11-06,01:08:29,여자
speaker1,안녕하세요 3주만이네요 잘 지내셨나요?,21649,2022-11-09,17:53:03,여자
speaker1,아 그러시군요 저도 회사 집 반복하면서 지냈습니다,21649,2022-11-11,10:10:12,여자
speaker1,네 1년 정도 만난 남자친구가 있어요 슬슬 결혼얘기가 나오네요,21649,2022-11-13,01:42:36,여자
speaker1,더 어릴땐 결혼이 빨리하고 싶다 생각했는데 지금은 꼭 그렇지만도 않네요,21649,2022-11-15,08:41:07,여자
speaker1,맞아요 요즘 제 주변만 봐도 주거안정 및 경제적으로 준비가 안되어서 결혼을 미루는 사람들이 많아요,21649,2022-11-17,09:03:10,여자
speaker1,맞아요 조건이 까다롭고 소득기준이라던가 이런게 터무니없어서 대다수의 사람들이 혜택을 못 받더라구요,21649,2022-11-18,18:19:45,여자
speaker1,맞아요 이제 근로소득만으로는 집을 살 수 없는 시대가 되어버렸으니..,21649,2022-11-19,20:14:26,여자
