speaker,utterance,personaID,date,time,gender
speaker1,안녕하세요. 50대 여자에요. 반가워요.,51216,2022-10-12,10:24:29,여자
speaker2,안녕하세요. 반가워요. 저는 50대 여자랍니다.,51739,2022-10-12,10:24:47,여자
speaker1,오늘 하루종일 연구실에 있을 것 같네요. 오늘 뭐하세요?,51216,2022-10-12,10:25:37,여자
speaker2,저는 주말이니 집에서 시간을 보내려고요. 연구원이세요?,51739,2022-10-12,10:26:01,여자
speaker1,대학원 다니고 있습니다. 님은 무슨일 하세요?,51216,2022-10-12,10:26:23,여자
speaker2,저는 인테리어 업체에서 일합니다. 디자이너에요!,51739,2022-10-12,10:26:45,여자
speaker1,그러시구나. 원래 점심에 책을 읽는데 오늘은 할게 많네요.,51216,2022-10-12,10:27:19,여자
speaker2,많이 바쁘신가봐요. 하긴 대학원이면 바쁘기도 하겠네요. 점심도 못 드시나요?,51739,2022-10-12,10:27:44,여자
speaker1,점심은 샌드위치로 때울려고요. 님은요?,51216,2022-10-12,10:28:43,여자
speaker2,저는 주말이니까 파스타를 해먹으려고요. 파스타를 좋아하거든요.,51739,2022-10-12,10:28:57,여자
speaker1,평소에 요리를 해드시나봐요. 요리를 잘하세요?,51216,2022-10-12,10:29:07,여자
speaker2,꽤 하는 편이에요. 제가 집에 있는걸 좋아하다보니 집에서 해결하는게 좋더라고요.,51739,2022-10-12,10:29:31,여자
speaker1,집을 좋아하시나봐요. 저는 집에 잘 있지 않아서...ㅎ.,51216,2022-10-12,10:30:33,여자
speaker2,"네. 제가 파란색을 좋아해서 벽지를 파란색으로 했더니 요즘, 매일 편안해져 더 좋아요.",51739,2022-10-12,10:31:01,여자
speaker1,애완동물 같은건 안키우세요? 저는 햄스터 한마리를 키워요.,51216,2022-10-12,10:31:46,여자
speaker2,애완동물은 안 키워요. 털이 날리는게 싫어서 말이죠..ㅎㅎ.,51739,2022-10-12,10:31:54,여자
speaker1,그러시구나. 급하게 연락이와서 잠시 햄스터 데리고 동물병원좀 다녀올게요.,51216,2022-10-12,10:32:36,여자
speaker2,네. 조심히 다녀오세요~ 저도 밥 먹고 있을게요.,51739,2022-10-12,10:33:06,여자
speaker1,3시간이나 지났네요. 상황이 급박해서...죄송해요.,51216,2022-10-12,10:33:53,여자
speaker2,햄스터는 괜찮은가요? 심각한 일은 아닌거죠?,51739,2022-10-12,10:34:21,여자
speaker1,엄마가 햄스터가 계속 토를한다고 전화와서 급하게 다녀왔는데 별 일 아니래요.,51216,2022-10-12,10:34:28,여자
speaker2,아하. 다행이네요. 동물병원이 가까이 있나봐요~ 그래도 다행이네요 정말 ㅜㅜ.,51739,2022-10-12,10:34:49,여자
speaker1,네 자주 가는 동물병원이 다행히 가까워요. 식사는 잘 하셨나요?,51216,2022-10-12,10:35:00,여자
speaker2,잘 못 했어요ㅜㅜ 제 애완동물도 아닌데 괜히 걱정이 들더라고요.. ㅜㅜ.,51739,2022-10-12,10:36:31,여자
speaker1,죄송해요...괜한 걱정시켰네요. 이제 뭐하실 예정이세요?,51216,2022-10-12,10:37:20,여자
speaker2,주말은 집에서 시간을 보내기 때문에 오늘은 독서 좀 하려고요.,51739,2022-10-12,10:37:39,여자
speaker1,책을 자주 읽으세요? 무슨책 읽으세요?,51216,2022-10-12,10:38:39,여자
speaker2,그냥 소설 책 읽어요. 가끔은 자서전도 읽고요. ㅎㅎ.,51739,2022-10-12,10:39:53,여자
speaker1,저는 정보서적 말고는 안읽어봐서 모르는데 재밌나요?,51216,2022-10-12,10:41:17,여자
speaker2,정보서적 뭔가 멋있네요..ㅎㅎ 소설책 재미있죠. 제가 워낙 상상을 잘 해서요.,51739,2022-10-12,10:41:35,여자
speaker1,저는 이과성향이라 그런쪽으로는 부족하네요. 책좀 추천해주세요.,51216,2022-10-12,10:42:31,여자
speaker2,제가 다음에 쉽게 읽을 만한 소설책 추려서 추천해드릴게요.,51739,2022-10-12,10:42:52,여자
speaker1,감사해요.저도 쉴때 책좀 읽어봐야겠네요.,51216,2022-10-12,10:43:31,여자
speaker2,그래도 점심시간마다 책 읽으시니 그걸로도 충분하겠어요.,51739,2022-10-12,10:43:53,여자
speaker1,오늘 즐거웠습니다. 다음에 또 연락할게요.,51216,2022-10-12,10:43:57,여자
speaker2,네. 저도 즐거운 대화 했어요. 소설 책 추려서 연락드릴게요.,51739,2022-10-12,10:44:12,여자
