speaker,utterance,personaID,date,time,gender
speaker1,안녕하세요. 저는 30대 여자이고 지구환경과학과를 전공했습니다.,33762,2022-10-11,00:01:43,여자
speaker1,제가 전공과는 다르게 역사랑 문화 여행을 좋아해서 가끔 가요!,33762,2022-10-11,23:39:37,여자
speaker1,"오~ 사회면 저와 잘 통화시겠어요! 저 역사, 문화여행을 가면... 가끔 슬프더라구요.",33762,2022-10-11,23:40:14,여자
speaker1,그 여행지의 역사를 알면 그렇게 마음이 저리더라구요... 님은 취미가 뭐예요?,33762,2022-10-11,23:40:43,여자
speaker1,저도 산책을 좋아해요.. 그래서 여행 갈 때 항상 걸어다녀요!,33762,2022-10-11,23:40:56,여자
speaker1,저는 치킨이요! 님도 좋아하시죠? 치킨?,33762,2022-10-11,23:41:17,여자
speaker1,ㅋㅋㅋㅋㅋ오 자녀들이 있으시구나! 일찍 결혼하셨나보네요!,33762,2022-10-11,23:41:40,여자
speaker1,저는 미혼입니다! 아직 MISS죠!,33762,2022-10-11,23:42:07,여자
speaker1,ㅋㅋㅋㅋ네 감사해요! 저 화장을 좀 하고 올게요!,33762,2022-10-11,23:42:26,여자
speaker1,화장하는데 1 시간 걸렸네요! 아직 약속 시간이 남았어요.,33762,2022-10-11,23:42:49,여자
speaker1,님은 그럼 아내 분을 군대 가기 전에 만나신건가요?,33762,2022-10-11,23:43:02,여자
speaker1,와... 그럼 전역하고 결혼하신거구요?,33762,2022-10-11,23:43:18,여자
speaker1,그럼 아내 분이 군대 갔을 때 편지도 써주셨겠어요!,33762,2022-10-11,23:43:34,여자
speaker1,와... 뭐라고 써주시던가요? 두근두근!,33762,2022-10-11,23:43:52,여자
speaker1,와.... 그런 말을 들으면 되게 안정이 많이 되었겠어요!,33762,2022-10-11,23:44:07,여자
speaker1,ㅋㅋㅋㅋㅋㅋ그랬겠다... 탈영의 위험은 없었겠어요.,33762,2022-10-11,23:47:08,여자
speaker1,아내에게 군대에서 축구한 이야기 하시나요?,33762,2022-10-11,23:55:55,여자
speaker1,아내분이 싫어하시는 거 아니에요? 저는 이제 약속 나가볼게요!,33762,2022-10-11,23:58:15,여자
