speaker,utterance,personaID,date,time,gender
speaker2,안녕하세요~ 저도 30대 여자입니다. 반가워요.ㅎㅎ.,32440,2022-09-23,13:05:14,여자
speaker2,저는 어린이집 선생님을 하고 있어요~ 경호원 멋지시네요!,32440,2022-09-23,13:06:11,여자
speaker2,아 네. 전 남자친구가 있어요. 요즘 자주 싸워서 참 고민이 많네요...,32440,2022-09-23,13:07:01,여자
speaker2,해외여행을 어디로 갈지 정하려고 하는데 전 프랑스를 가 보고 싶고 남자친구는 미국으로 가자네요.,32440,2022-09-23,13:08:38,여자
speaker2,ㅠㅠ 힘드네요.. 사진찍는걸 좋아하다보니 프랑스 풍경이 참 좋더라구요. 그래서 사진 남기고 싶어서 프랑스를 택했어요.!,32440,2022-09-23,13:11:09,여자
speaker2,에휴.. 뭐 결론은 나겠죠! ㅎ 취미는 따로 있으세요?,32440,2022-09-23,13:13:32,여자
speaker2,거북이 귀엽겠네요.ㅎㅎㅎ 저는 아무래도 직업 때문에 동화책과 시를 자주 읽어요. 책 좋아하세요?,32440,2022-09-23,13:15:58,여자
speaker2,아하. 네네~ 다녀오시고 연락주세요!,32440,2022-09-23,13:17:15,여자
speaker2,저는 밥먹을 준비하고 있었어요! 어떤 회의 하셨어요? 경호원이시면 계속 출장다니시는가..,32440,2022-09-23,13:18:22,여자
speaker2,아 맞다! 거북이.ㅎㅎ 저는 동물은 안키우는데 거북이는 키울만 해요?,32440,2022-09-23,13:20:38,여자
speaker2,오~ 그렇구나. 정말 어찌보면 속편한 동물이네요. 사진 한 번 보여주세요!,32440,2022-09-23,13:21:56,여자
speaker2,헉. 거북이도 탈피를 하는가요? 처음 안 사실이네요..,32440,2022-09-23,13:23:41,여자
speaker2,저도 어린이집 가면 늦게 퇴근해서 동물을 키우기가 어렵다 생각해서 못키우고 있었거든요.. 근데 거북이는 괜찮을 것 같은데요?,32440,2022-09-23,13:26:48,여자
speaker2,너무 귀여울 것 같아요.ㅎㅎ 한 번 알아봐야겠네요! 퇴근은 언제하세요?,32440,2022-09-23,13:28:21,여자
speaker2,출장가고 그러면 식사는 어떻게 하세요?,32440,2022-09-23,13:29:39,여자
speaker2,잘 챙겨드셔야지요.. 고생하셨구 연락주세요!,32440,2022-09-23,13:30:43,여자
