speaker,utterance,personaID,date,time,gender
speaker2,안녕하세요 저는 50대 여자입니다!,51752,2022-10-02,21:30:33,여자
speaker2,저는 운동하러 가요! 가끔 에어로빅을 하거든요 ㅎㅎ.,51752,2022-10-02,21:31:19,여자
speaker2,네 재미있어요 ㅋㅋ 님은 취미 활동하는거 있어요?,51752,2022-10-02,21:31:47,여자
speaker2,아 그러시구나~ 사람들이랑 금방 친해지는 스타일 이세요?,51752,2022-10-02,21:32:25,여자
speaker2,부럽네요ㅠ 저는 낯을가려서.. 조용한 편이거든요! 그래도 한 번 친해지면 말을 많이하긴 합니다 ㅎㅎ.,51752,2022-10-02,21:33:14,여자
speaker2,고양이를 한 마리 키워요~ 님은요?,51752,2022-10-02,21:33:44,여자
speaker2,1 년 정도 된것같네요 ㅎㅎ 님은 얼마나 되셨어요?,51752,2022-10-02,21:34:11,여자
speaker2,네 저도 과일 먹고 슬슬 나갈 준비 해야겠어요.,51752,2022-10-02,21:34:49,여자
speaker2,저두요 ㅋㅋ 간만에 과일 많이 먹었더니 좋더라구요~,51752,2022-10-02,21:35:35,여자
speaker2,전 홍시를 싫어하는데 그거 말고 다 좋아해요 ㅋㅋ 포도 먹었습니다!,51752,2022-10-02,21:36:10,여자
speaker2,잘은 모르는데 조금 듣기는 했어요! 왜요?,51752,2022-10-02,21:36:46,여자
speaker2,아무래도 이사가시려면 부동산이 좋죠~! 아시는 중개인 있나요?,51752,2022-10-02,21:37:18,여자
speaker2,좀 사기치려는 중개인들이 많아서 잘 고르셔야하는데 ㅠ 집 주변은 가보셨어요?,51752,2022-10-02,21:37:53,여자
speaker2,저는 어플로 매물을 미리 보고 가는 편 이에요~!,51752,2022-10-02,21:38:31,여자
speaker2,네 @브랜드명1@이라고 한 눈에 보기 편하더라구요 추천합니다!,51752,2022-10-02,21:38:59,여자
speaker2,네 꼭 가기전에 보고 가시길 추천 드려요^^ 잘 다녀오세요~,51752,2022-10-02,21:39:32,여자
