speaker,utterance,personaID,date,time,gender
speaker1,안녕하세요! 저는 40대 여성입니다~,41121,2022-10-05,16:18:26,여자
speaker2,네 안녕하세요~ 저는 50대 여성이에요!,51710,2022-10-05,16:19:18,여자
speaker1,잘 부탁드려요! 직업이 있으신가요?,41121,2022-10-05,16:19:39,여자
speaker2,저도 잘 부탁드려요! 저는 주부에요! 살면서 직업을 가져본적이 없어요 ㅠㅠ.,51710,2022-10-05,16:20:03,여자
speaker1,아아 결혼을 일찍하셨나요? 신기하네요!,41121,2022-10-05,16:20:38,여자
speaker2,"네네 고등학교때 사고를 쳐서, 중퇴하고 바로 신혼 생활을 시작하게 됐어요.",51710,2022-10-05,16:22:26,여자
speaker1,어머 정말요? 고생많으셨겠어요..,41121,2022-10-05,16:23:39,여자
speaker2,처음엔 그랬는데 이제는 괜찮아요! 결혼 하셨어요?,51710,2022-10-05,16:24:20,여자
speaker1,네네 저는 결혼 했죠! 아들이 둘 있는데 요즘 말을 너무 안듣네요 ㅎㅎ.,41121,2022-10-05,16:24:51,여자
speaker2,"제 여자 형제가 상담전문가 인데, 한번 데리고 오셔요! ㅎㅎ.",51710,2022-10-05,16:25:56,여자
speaker1,심해지면 데리고갈게요 ㅠㅠ 그때 부탁드려요. 취미는 있으신가요?,41121,2022-10-05,16:27:14,여자
speaker2,저는 딸 키우는게 취미죠 뭐.. TV보고 그러는게 취미에요!,51710,2022-10-05,16:27:41,여자
speaker1,저는 새벽에 산책을 하는게 취미에요! 운동을 해보세요. 다이어트에도 좋으니까요!,41121,2022-10-05,16:28:28,여자
speaker2,저는 단 음식을 싫어해서 그런지 살이 안찌더라구요.,51710,2022-10-05,16:28:52,여자
speaker1,"아 저는 신음식을 안 먹는데, 조금 다르네요! ㅎㅎㅎ 저 잠시 통화좀 하고 올게요!",41121,2022-10-05,16:29:20,여자
speaker2,네네 다녀오세요~ 저는 웹서핑 조금 하고있을게요.,51710,2022-10-05,16:29:28,여자
speaker1,통화로 수다 떨다보니 두시간이나 지났네요. 웹서핑은 잘 하고 계셨나요?,41121,2022-10-05,16:30:36,여자
speaker2,네네 이거저거 보다가 가족사진 촬영 예약을 두개나 했어요!,51710,2022-10-05,16:31:23,여자
speaker1,어머 두개나요? 왜 두번이나 찍으시려구요?,41121,2022-10-05,16:31:51,여자
speaker2,저희가 가족사진을 찍어본적이 없다보니 컨셉을 다르게 해서 두번 찍으려구요.,51710,2022-10-05,16:32:06,여자
speaker1,아아 저희도 가족사진 찍어본 적 없는데.. 저도 이번에 찍어봐야겠네요. 컨셉은 어떻게 찍으시나요?,41121,2022-10-05,16:32:24,여자
speaker2,하나는 정직한 느낌으로 일반적으로 찍을 생각이에요.,51710,2022-10-05,16:35:17,여자
speaker1,그쵸 그런 포멀한 가족사진 한장 쯤은 있어야하니까요! 그리구요?,41121,2022-10-05,16:35:31,여자
speaker2,다른 한장은 재미있게 찍고 싶어서 사진사랑 의논해보려구요.,51710,2022-10-05,16:35:46,여자
speaker1,음.. 컨셉종류가 많다보니 정말 할 수 있는게 많겠어요.,41121,2022-10-05,16:36:53,여자
speaker2,"네네 보다보면 웃긴것도 많아요. 코스프레도 하고, 재미있는 자세나 포즈도 많구요!",51710,2022-10-05,16:42:07,여자
speaker1,하하 재미있겠어요. 좋은 추억도 되구요.,41121,2022-10-05,16:43:03,여자
speaker2,근데 가격이 만만치 않다보니 고민이 많이 되네요!,51710,2022-10-05,16:43:22,여자
speaker1,"그래도 포멀한 가족사진도 찍으시니까, 재미있는거 아무거나 고르셔도 될 것 같은데요?",41121,2022-10-05,16:43:49,여자
speaker2,이집트 왕 컨셉으로 해봐야겠어요! 의상도 다 준비해 주신다고 하네요 ㅎㅎ.,51710,2022-10-05,16:44:23,여자
speaker1,"오 그거 특이하고 좋은것 같아요! 저 이제 병원 예약이 있어서, 병원에 다녀올게요!",41121,2022-10-05,16:44:56,여자
speaker2,아아 네넵! 다녀오세요!! 다음에 또 연락해요 ^^,51710,2022-10-05,16:45:15,여자
