speaker,utterance,personaID,date,time,gender
speaker1,안녕하세요. 저는 20대 여자입니다. 나이가 어떻게 되요?,21412,2022-09-14,17:06:25,여자
speaker1,전 요즘 취미로 소설을 꾸준히 읽고 있어요. 소설 좋아하세요?,21412,2022-09-14,17:06:55,여자
speaker1,소설 너무 재밌죠. 전 웹툰도 너무 재밌어요. 매일매일 보는 웹툰이 정해져있어요. ㅋㅋ.,21412,2022-09-14,17:08:11,여자
speaker1,뭔가 통하는점이 많네요. ㅎㅎ 전 대학생이라서 그런지 시간적 여유가 있는 편이라서 웹툰이나 소설을 자주 봐요.,21412,2022-09-14,17:08:51,여자
speaker1,쉬는 시간을 활용하시다니 좋은생각이에요. ㅎㅎ 전 중학교때 영어선생님을 너무 좋아해서 정말 열심히 공부 했던 기억이 나네요. ㅎㅎ @이름1@의 꿈과 희망이 되어주세요.,21412,2022-09-14,17:11:03,여자
speaker1,"네, 영어를 포기하지 않고 꾸준히 하게 만든 선생님께 너무 감사해요. 담임선생님도 하세요?",21412,2022-09-14,17:11:55,여자
speaker1,요즘 중2병 말도 많은데 @이름1@이 말은 잘들어요?,21412,2022-09-14,17:12:35,여자
speaker1,선생님을 사모하는 학생들이 있는건 아닐까요? ㅋㅋ 저 중학교때처럼요.,21412,2022-09-14,17:13:09,여자
speaker1,ㅎㅎㅎ 그럴거게요. 화이팅입니다. 전 강의있어서 갑니다.,21412,2022-09-14,17:14:03,여자
speaker1,강의 듣고나니 3시간 흘렀네요. 수업은 다 끝나셨어요?,21412,2022-09-14,17:14:49,여자
speaker1,원하는 음식이 아닌데 억지로 먹으면 스트레스 받죠.ㅠㅠ 전 요즘 학식이 맛있어서 가끔 감사한 마음이 들어요. 밥은 어디서 먹어요?,21412,2022-09-14,17:16:33,여자
speaker1,안맞으면 안 먹는게 맞죠. 그냥 따로 시켜 먹어요. 정기적으로 결제해요?,21412,2022-09-14,17:17:38,여자
speaker1,잘 생각했어요. 오후 강의 하나만 들으면 오늘 끝이네요. 오후에 수업있어요?,21412,2022-09-14,17:18:27,여자
speaker1,전 집 가서 앵무새를 키우고 있어서 관리해줘야되요. ㅠㅠ 혹시 반려동물 키우세요?,21412,2022-09-14,17:19:25,여자
speaker1,키울수 있어요. 얼마나 똑똑한대요. 진짜 말도 따라 하거든요.^^ 고양이도 손 많이 안가죠?,21412,2022-09-14,17:20:11,여자
speaker1,앵무새도 손이 덜가요. ㅎㅎ 같이 말도 하고 재미도 있어요. 앵무새를 반려동물로 키우는 모임도 다니고 있어요.,21412,2022-09-14,17:21:12,여자
speaker1,모임에 가입하면 정보를 알수가 있으니 반려동물 키울때 도움이 많이 되요. 기회가 된다면 가입하시는게 좋아요.,21412,2022-09-14,17:22:05,여자
speaker1,오픈 채팅도 많으니 검색해봐요. 혹시 궁금한점 있으면 메시지 주시구요.,21412,2022-09-14,17:22:36,여자
