speaker,utterance,personaID,date,time,gender
speaker1,안녕하세요. 저는 20대 남자입니다. 반가워요.,01041,2022-08-27,07:32:53,남자
speaker2,안녕하세요. 저도 20대 남자입니다.,01414,2022-08-27,07:33:15,남자
speaker1,저는 회사다니는 직장인이에요. 무슨일 하시나요?,01041,2022-08-27,07:33:51,남자
speaker2,홈쇼핑 MD를 하고 있어요. 점심시간이라서 쉬고 있네요.,01414,2022-08-27,07:34:44,남자
speaker1,점심은 맛있게 드셨나요? 저는 된장찌개를 즐겨먹어서 오늘도 먹었네요.,01041,2022-08-27,07:35:08,남자
speaker2,전 자장면을 즐겨 먹어요. 근데 점심에 짬뽕 먹었네요.,01414,2022-08-27,07:35:35,남자
speaker1,"중식 좋아하세요? 저는 건강때문에 요즘, 자주 걱정 스러워서 기름진 음식을 자제 하고 있어요.",01041,2022-08-27,07:36:13,남자
speaker2,저도 그래요. 저희 어머니가 영양사인데 걱정을 많이 하세요.,01414,2022-08-27,07:36:41,남자
speaker1,그래서 요즘 아침마다 러닝 하고 있어요. 운동은 하시나요?,01041,2022-08-27,07:37:17,남자
speaker2,어머니가 하도 뭐라 하셔서 주말에 테니스 하고 있어요.,01414,2022-08-27,07:37:40,남자
speaker1,하신지 얼마나 되셨어요? 꾸준히 하는게 중요한데 쉽지 않네요.,01041,2022-08-27,07:38:21,남자
speaker2,테니스 하지 4개월 되었어요. 죽기살기로 하고 있네요.,01414,2022-08-27,07:39:28,남자
speaker1,우리 열심히 해봐요. 저는 점심 끝나서 일하러 가야겠어요.,01041,2022-08-27,07:39:59,남자
speaker2,"네, 저도 이제 업무 보러 갈게요.",01414,2022-08-27,07:40:21,남자
speaker1,오후 업무 보니 6시간 지났네요. 퇴근은 했어요?,01041,2022-08-27,07:40:46,남자
speaker2,"네, 퇴근하고 집에 왔어요. TV 보고 싶은데 어머니가 제가 싫어하는 시사 프로그램을 보고 계시네요.",01414,2022-08-27,07:41:46,남자
speaker1,저도 시사 프로그램을 싫어해요. 전 혼자 살아서 집에 TV가 없어요. 그래서 @홈페이지@를 봐요. @홈페이지@에서 원피스 OST영상 본적 있어요?,01041,2022-08-27,07:42:59,남자
speaker2,원피스 OST 이며 코요테가 부른거 봤어요.,01414,2022-08-27,07:43:32,남자
speaker1,추억의 노래죠. 저는 그노래 굉장히 좋아하는데 대학교 떼창 부르는거 보고 소름 돋았어요. 보셨어요?,01041,2022-08-27,07:43:59,남자
speaker2,저도 그 노래 좋아해요. 학창시절에 다 불렀던 노래 아닌가요.,01414,2022-08-27,07:44:16,남자
speaker1,맞아요. 그 노래 듣고 간만에 원피스 찾아봤네요. 만화도 보셨죠?,01041,2022-08-27,07:44:48,남자
speaker2,당연하죠. 제 주변에 원피스를 안 본사람이 없어요.,01414,2022-08-27,07:45:25,남자
speaker1,저도 그래요. 세상에는 재밌는게 너무 많아요. 여자친구 없어도 신경이 전혀 안쓰이네요. 여자친구 있어요?,01041,2022-08-27,07:46:41,남자
speaker2,3년 만난 여자친구가 있어요. 여자친구와 내년에 결혼 할 예정이에요.,01414,2022-08-27,07:48:17,남자
speaker1,여자친구없어서 신경 안쓴다고 한 제자신이 부끄러워지네요. 결혼 축하드려요.,01041,2022-08-27,07:48:41,남자
speaker2,감사해요. 지내다 보면 인연이 생길거에요.,01414,2022-08-27,07:49:02,남자
speaker1,"하하, 그렇겠죠? 저는 이제 집 도착해서 집 청소해야겠어요. 대화 재밌었어요.",01041,2022-08-27,07:49:34,남자
speaker2,저도 재밌었습니다. 나중에 또 시간 나면 대화해요.,01414,2022-08-27,07:49:51,남자
