speaker,utterance,personaID,date,time,gender
speaker1,안녕하세요 저는 30대 남자입니다! 만나서 반갑습니다.,02193,2022-09-23,02:18:31,남자
speaker2,반가워요~ 저는 20대이고 저도 남자입니다! 만나서 반갑습니다.,01298,2022-09-23,02:18:49,남자
speaker1,이번 주말엔 무엇을 하며 보내시나요? 저는 가족 2명이랑 가족여행을 가기로 했답니다!,02193,2022-09-23,02:19:01,남자
speaker2,집이 서울이라 집 앞에 @브랜드명1@를 가보려고 합니다 ㅎㅎ. 여행은 어디로 가시나요?,01298,2022-09-23,02:19:13,남자
speaker1,제주도로 갑니다~! 제주도 가보셨나요?,02193,2022-09-23,02:19:38,남자
speaker2,제가 헤드헌터인데 업무차 제주도에 자주 들렀습니다! 가면 고기국수를 꼭 먹습니다!,01298,2022-09-23,02:20:03,남자
speaker1,고기국수 저도 좋아합니다~ 콩국수는 비려서 싫고 외에 면류는 다 좋아해요!,02193,2022-09-23,02:20:32,남자
speaker2,그러시군요! 제 아내는 콩국수를 좋아해서 가끔 제가 만들어 주곤 합니다 ㅎㅎ.,01298,2022-09-23,02:20:56,남자
speaker1,결혼하셨군요! 저는 청소가 귀찮아서 집에서 요리하질 않는데 대단하십니다 ㅠ.,02193,2022-09-23,02:21:17,남자
speaker2,그쵸.. 요리 하는 건 좋은데 항상 청소하는게 너무 지루해서 문제입니다. 결혼안하셨나요?,01298,2022-09-23,02:21:26,남자
speaker1,네 유학생활을 길게 하다보니 아직 안 했습니다 ㅎㅎ.,02193,2022-09-23,02:21:40,남자
speaker2,어쩌다가 유학생활을 길게 하게 되셨나요?,01298,2022-09-23,02:21:55,남자
speaker1,제가 정이 많은지 타지 친구들과 정이 들어 이래저래 같이 있다보니요~ 미팅이 있어서 다음에 연락드릴게요!,02193,2022-09-23,02:22:16,남자
speaker2,넵!! 오늘 대화 즐거웠습니다 다음에 또 얘기해요!,01298,2022-09-23,02:22:21,남자
speaker1,잘 지내셨나요? 벌써 한 주가 다 가네요~ 놀러 잘 다녀오셨죠?,02193,2022-09-23,02:22:47,남자
speaker2,네! @브랜드명1@ 다녀왔는데 아주 재밌었습니다 ㅎㅎ 저번에 미팅은 잘 되셨나요??,01298,2022-09-23,02:23:37,남자
speaker1,네! 제가 유학원에서 일하는데 미팅이라기보단 상담을 좀 하고왔어요~,02193,2022-09-23,02:22:59,남자
speaker2,그러시군요!! 상담온 학생이 많나요??,01298,2022-09-23,02:23:57,남자
speaker1,네 아무래도 최근 유학을 원하는 학생들이 있어서 상담신청이 좀 들어오네요!,02193,2022-09-23,02:24:14,남자
speaker2,유학생활을 오래 하셨는데 학생들에게 추천할만 한가요??,01298,2022-09-23,02:24:19,남자
speaker1,결과적으로만 보면 추천드리고싶죠! 다만 언어 때문에 초기에는 어려움이 있을 수 있지만요.,02193,2022-09-23,02:24:37,남자
speaker2,그렇군요.. 그냥 학교생활 하기도 힘든데 해외에서 하려면 두배는 힘들 것 같네요.,01298,2022-09-23,02:24:49,남자
speaker1,네 아무래도요.. 님은 유학에 대해 어떻게 생각하세요?,02193,2022-09-23,02:25:13,남자
speaker2,유학을 하면서 견문을 넓히고 외국어 능력도 향상되는 측면에서 긍정적으로 생각합니다!,01298,2022-09-23,02:25:23,남자
speaker1,맞아요. 타지에 가면 새로운 것들도 경험하고 외국어도 자연스레 늘지요!,02193,2022-09-23,02:26:05,남자
speaker2,기회되면 한 달 정도는 살아보고 싶네요 ㅎㅎ.,01298,2022-09-23,02:26:43,남자
speaker1,대신 치안이 좋은 국가에서 해보시길 추천드려요! 저는 또 상담일정이 있어서요. 또 연락드릴게요!,02193,2022-09-23,02:26:49,남자
speaker2,네! 조언 감사드립니다!! ㅎㅎ 상담 잘 다녀오세요!!,01298,2022-09-23,02:27:00,남자
