speaker,utterance,personaID,date,time,gender
speaker2,반갑습니다. 저는 20대 남자입니다.,20954,2022-09-19,01:03:04,남자
speaker2,저는 항공기 정비원 일을 합니다.4학년이면 취업 준비로 바쁘시겠어요?,20954,2022-09-19,01:04:28,남자
speaker2,"조급해 하지 마시고,취업 전에 즐기셔야 합니다. 비행기는 제 친구죠.ㅎ.",20954,2022-09-19,01:05:37,남자
speaker2,저는 교회에 다니고 있어요.어릴 적부터 부모님과 함께요.,20954,2022-09-19,01:07:03,남자
speaker2,저도 종교여행을 좋아해요. 최근에 성지순례 어디로 다녀오셨어요?,20954,2022-09-19,01:08:48,남자
speaker2,저는 팝송을 좋아하고 재즈음악은 싫어하는 편이에요.,20954,2022-09-19,01:10:08,남자
speaker2,저는 Coldplay의 My Universe를 좋아해요.@이름2@이랑 같이 부른.,20954,2022-09-19,01:13:46,남자
speaker2,저도 매우 꼼꼼한 편이에요. 다음에 또 봬요.,20954,2022-09-19,01:15:31,남자
speaker2,장마철을 좋아하는 사람은 없을거예요.그럼 그옷은 어떻게 하셨나요?,20954,2022-09-19,01:17:13,남자
speaker2,다이어트는 건강하게 하셔야 하는건 아시죠?,20954,2022-09-19,01:18:38,남자
speaker2,가장 중요한건 유산소운동이죠.그리고 건강한 단백질과 야채위주의 식단요.,20954,2022-09-19,01:19:56,남자
speaker2,저는 아침마다 조깅과 줄넘기를 꾸준히 하고 있어요.헬스도 좋다고 봅니다.,20954,2022-09-19,01:21:07,남자
speaker2,별말씀을요.빨리 다이어트에 성공하시길 기도 할게요.,20954,2022-09-19,01:23:18,남자
speaker2,저는 촌스럽게 7을 좋아해요.@이름3@형의 백넘버 7을요.,20954,2022-09-19,01:23:40,남자
speaker2,축구 보는 걸 좋아하구요.직접 하려면 넘 힘들어서. @브랜드명1@그램을 하고 있어요.님께서는요?,20954,2022-09-19,01:23:58,남자
speaker2,@브랜드명1@ 서로 팔로우하죠.다이어트 화이팅입니다.다음에...,20954,2022-09-19,01:24:17,남자
