speaker,utterance,personaID,date,time,gender
speaker2,안녕하세요. 저는 20대 남자입니다.,21260,2022-09-14,17:06:34,남자
speaker2,"오, 저도 소설 좋아해요. 특히 판타지 소설 자주 읽어요.",21260,2022-09-14,17:07:32,남자
speaker2,저도 그래요. 웹툰 보는재미가 있죠.,21260,2022-09-14,17:08:26,남자
speaker2,전 중학교 영어 교사에요. 그래서 수업끝나고 쉬는시간에 웹툰 자주 봐요.,21260,2022-09-14,17:10:15,남자
speaker2,이야기 들으니 사명감 듣고 열심히 해야겠다는 생각이 드네요.,21260,2022-09-14,17:11:27,남자
speaker2,작년에는 반을 맡아서 했는데 올해는 과목 수업만 하고 있어요.,21260,2022-09-14,17:12:13,남자
speaker2,생각보다 잘 따라 와줘요. 그래서 수업도 잘하고 있구요.,21260,2022-09-14,17:12:48,남자
speaker2,그런 마음이면 차라리 다행이네요. 공부할 생각이 있다는거니깐요.,21260,2022-09-14,17:13:24,남자
speaker2,"네, 저도 수업있어서 같이 화이팅해요.",21260,2022-09-14,17:14:21,남자
speaker2,"네, 다 듣고 점심 먹었어요. 제가 매운음식을 싫어하는데 요즘 점심때마다 매운음식을 자주 먹어서 가끔 스트레스 받아요.",21260,2022-09-14,17:15:36,남자
speaker2,학교 선생님들끼리 정기적으로 도시락 시켜 먹고 있어요. 그냥 따로 사먹어야 될까봐요.,21260,2022-09-14,17:17:08,남자
speaker2,한달에 한번 결제 하고 있어요. 이번달까지만 참고 먹어야겠어요.ㅠㅠ.,21260,2022-09-14,17:17:48,남자
speaker2,오늘은 오전 수업만 있어서 오후에 한가하네요.,21260,2022-09-14,17:18:48,남자
speaker2,앵무새도 집에서 키울수 있어요? 전 고양이 한마리 키우고 있어요.,21260,2022-09-14,17:19:45,남자
speaker2,아무래도 강아지에 비해 손이 덜가죠. 너무 사랑스러워요.,21260,2022-09-14,17:20:43,남자
speaker2,그런 모임도 있군요. 전 고양이 키우면서 다른 사람과 소통 해본적은 없어요.,21260,2022-09-14,17:21:33,남자
speaker2,"아, 몰랐네요. 저도 한번 알아봐야 겠어요.",21260,2022-09-14,17:22:18,남자
speaker2,감사해요. 검색해볼게요. 모르는거 있으면 물어볼게요.,21260,2022-09-14,17:22:55,남자
