speaker,utterance,personaID,date,time,gender
speaker2,안녕하세요 저는 30대 남성입니다.,31111,2022-10-31,16:52:36,남자
speaker2,가을이 오긴 왔나보네요ㅎㅎ 아마 좋은 인연 찾을 수 있으실 꺼예요!,31111,2022-11-01,13:34:39,남자
speaker2,네네 이제 곧 연말인데 따로 계획이 있으신가요..?,31111,2022-11-01,15:10:52,남자
speaker2,저는 축구를 좋아해서 주말마다 축구동호회를 참석하는데 이제 연말이라 동호회 회원분들과 회식을 갖지 않을까 싶네요.,31111,2022-11-03,14:54:06,남자
speaker2,아하 그렇군요 친구들이랑 좋은추억 만드셨으면 좋겠습니다. 저는 지금 중학교영어교사로 학생들을 가르치고 있는데 곧 기말고사 기간이라 시험문제를 만들어야합니다.,31111,2022-11-04,22:20:07,남자
speaker2,아하 그렇군요 확실히 노트북 활용을 잘 하시면 실무에서도 도움이 많이 되는거 같더라고요 님은 싫어하시는 계절이 있으신가요?,31111,2022-11-05,23:26:02,남자
speaker2,그러시군요 확실히 여름엔 날이 많이 습해서 불쾌지수가 많이 높죠 저는 봄을 싫어합니다 제가 비염이 있어서 봄만 되면 비염이 심해지거든요.,31111,2022-11-06,15:27:40,남자
speaker2,네네 제가 이제 수업을 가봐야해서요 다음에 또 기회가되면 연락했으면 좋겠네요 안녕히계세요~,31111,2022-11-08,22:45:11,남자
speaker2,네네 거의 한달만에 연락드리네요 저는 학생들이랑 수업하고 요즘 수행평가기간이라 애들 수행평가좀 지도해주면서 시간을 보냈습니다.,31111,2022-11-10,23:37:43,남자
speaker2,아하 그렇군요 요즘 삶은 어떠신가요? 지금 만나는 연인이 있으세요?,31111,2022-11-13,00:15:01,남자
speaker2,아하 그러시군요 결혼은 빨리 하는게 좋다고 생각하시나요?,31111,2022-11-13,21:23:07,남자
speaker2,네네 저도 그렇게 생각을 하는데 저는 주거안정이 조금 되야 결혼을 할 꺼 같습니다 요즘 집값이 말이 아니잖아요 떨어지고 있긴하지만요,31111,2022-11-16,21:33:52,남자
speaker2,네네 국가에서 지원해주는 프로그램도 많긴 하지만 지원하기 너무 까다롭고 또 그렇게 좋은환경도 아닌거 같더라고요,31111,2022-11-18,14:49:40,남자
speaker2,네네 참 아이러니한 상황인것 같습니다 평생일을 해도 집을 한채 못사다니 참 슬프네요,31111,2022-11-19,12:23:24,남자
speaker2,네네 그래서 나중엔 자기 일의 경력을 쌓으면 그거에 관련된 자기 일을 직접 해야 한다고 생각을 합니다 그렇게 되면 일 한 만큼 돈을 벌 수 있으니깐요,31111,2022-11-20,13:56:10,남자
