speaker,utterance,personaID,date,time,gender
speaker1,안녕하십니까? 저는 20대 남자입니다. 그쪽도 자기소개 부탁드려요.,20186,2022-09-12,13:30:31,남자
speaker2,저는 20대 남자입니다 ㅎㅎ 만나서 정말로 반가워요~ 잘 지내봐요!,21155,2022-09-12,13:30:39,남자
speaker1,"저는 요즘 하는 일이 있는데, 음악과 밀접한 관련이 있는 편입니다 ㅎㅎ.",20186,2022-09-12,13:30:42,남자
speaker2,오 그러신가요?? 그쪽은 무슨 일을 하고 계세요?? 작곡가이신가요??,21155,2022-09-12,13:31:01,남자
speaker1,"저는 홈쇼핑 MD인데, 홈쇼핑 광고에서 매일 음악이 나오거든요~ㅋㅋ.",20186,2022-09-12,13:31:03,남자
speaker2,아하 ㅋㅋ 그러시군요! 그럼 음악은 그쪽이 직접 고르시는 건가요??,21155,2022-09-12,13:31:21,남자
speaker1,아니요 ㅋㅋ 제가 고르기에는 제 선별 능력이 좀 낮은 것 같아서요 ㅠㅠ.,20186,2022-09-12,13:31:37,남자
speaker2,오 ㅋㅋ 선별 능력이 좀 떨어지시는 이유가 특별히 있나요?? 궁금하네요~,21155,2022-09-12,13:31:55,남자
speaker1,"저는 평소에 댄스 음악을 자주 듣는데, 거기서는 별로라고 하네요 ㅠ.",20186,2022-09-12,13:32:12,남자
speaker2,ㅋㅋ 그렇군요! 그럼 다른 장르의 음악은 잘 안 듣고 계신건가요?,21155,2022-09-12,13:32:24,남자
speaker1,"그렇습니다! 저는 CCM 음악 같은 것을 듣고 있는데, 제 취향입니다.",20186,2022-09-12,13:32:41,남자
speaker2,오.. CCM 음악을 들으신다니 조금 특이하네요! 그쪽은 종교를 믿으세요??,21155,2022-09-12,13:32:43,남자
speaker1,그렇습니다. 저는 종교를 믿고 있습니다. 그쪽은 종교를 믿으시나요?,20186,2022-09-12,13:33:05,남자
speaker2,ㅎㅎ 그렇군요! 저는 종교가 없지만 그쪽을 존중하겠습니다~ 제 할일좀 하고 올게요!,21155,2022-09-12,13:33:06,남자
speaker1,시간이 좀 지났군요. 지금은 혹시 그쪽은 무엇을 하시고 계십니까? ㅎㅎ.,20186,2022-09-12,13:33:23,남자
speaker2,저는 요즘 제 남자 형제에게 열등감이 들어서 참 문제가 있습니다 ㅜㅜ.,21155,2022-09-12,13:33:25,남자
speaker1,아하.. 그렇군요 남자 형제가 그쪽한테 무슨 짓이라도 한 것인가요?,20186,2022-09-12,13:33:35,남자
speaker2,"저는 아직 직업이 없는데, 남자 형제는 회사원이거든요! 그래서 입니다ㅜㅜ.",21155,2022-09-12,13:33:43,남자
speaker1,음.. 그렇게 된다면 그쪽도 일을 해서 돈을 버는 것은 어떠신지요? ㅎㅎ.,20186,2022-09-12,13:36:32,남자
speaker2,ㅜㅜ 사실 그런 자신감이 잘 없습니다! 예전부터 남자 형제에게 패배해서요.,21155,2022-09-12,13:36:32,남자
speaker1,그런가요? 어떤 것을 남자 형제한테 패배했었는지 예시를 들어주세요!,20186,2022-09-12,13:36:32,남자
speaker2,"제가 학생 시절에 같이 운동 경기에 나갔는데, 매번 지기만 했어요.",21155,2022-09-12,13:36:32,남자
speaker1,그렇군요. 그러면 자신감이 떨어질 법도 하네요. 그럼 잘하는 건 없나요?,20186,2022-09-12,13:36:32,남자
speaker2,"ㅋㅋ 제가 딱 하나 잘 하고 있는게 있는데, 도예 만들기를 좋아합니다.",21155,2022-09-12,13:36:32,남자
speaker1,그렇군요! 그러면 도예 만들기를 잘하면 그걸로 직업을 하는 건 어때요?,20186,2022-09-12,13:36:32,남자
speaker2,ㅋㅋ 그럴까요?? 스트레스를 많이 받고 있으니 뭐라도 해 봐야죠!,21155,2022-09-12,13:36:32,남자
speaker1,아하! 그렇군요. 그러면 스트레스를 풀기 위해 음식을 먹어보세요! ㅎㅎ.,20186,2022-09-12,13:36:32,남자
speaker2,저는 매운 음식같은걸 안 먹습니다! 위가 많이 쓰려서 단 음식을 먹어요 음식좀 찾으러 가 볼게요!,21155,2022-09-12,13:36:32,남자
