speaker,utterance,personaID,date,time,gender
speaker1,안녕하세요? 저는 30대 남자에요. 제 직업은 세관원이에요.,32863,2022-10-08,12:05:30,남자
speaker2,안녕하세요? 저는 30대 남자에요.,33340,2022-10-08,12:06:31,남자
speaker1,반가워요. 지금 뭐하고 계세요? 저는 친구들을 만나서 기분전환을 하려고요. 하는 일마다 잘 안되서 자주 제 자신이 한심하게 느껴지거든요.,32863,2022-10-08,12:07:32,남자
speaker2,저는 로큰롤 음악을 들으려고요. 가끔 듣거든요.,33340,2022-10-08,12:08:33,남자
speaker1,그렇군요. 오전에는 뭐 하실 건가요? 저는 족발을 안먹는데 친구가 족발 맛집에 같이 가자고 해서 한번 가보려고요.,32863,2022-10-08,12:09:34,남자
speaker2,저는 섹소폰을 배우고 싶어서 섹소폰 학원을 알아보려고요.,33340,2022-10-08,12:10:35,남자
speaker1,오늘 오후에는 뭐 하실 거에요? 저는 친구를 만나려고요. 저는 보통 저녁에 친구를 만나요.,32863,2022-10-08,12:11:36,남자
speaker2,저는 스테이크를 안먹는데 친구가 직접 만들어 준다고 해서 먹어보려고요.,33340,2022-10-08,12:12:37,남자
speaker1,혹시 이번 주말에 뭐 하실 계획이세요?,32863,2022-10-08,12:13:38,남자
speaker2,저는 등산을 하려고요. 평소에도 건강을 생각해서 자주 등산을 해요.,33340,2022-10-08,12:14:39,남자
speaker1,그렇군요. 근데 식사는 하셨나요??,32863,2022-10-08,12:15:40,남자
speaker2,아직 안먹었어요. 저는 삼겹살이 먹고 싶어서 삼겹살을 먹으려고요.,33340,2022-10-08,12:16:41,남자
speaker1,저는 이제 친구를 만나러 가봐야겠네요.,32863,2022-10-08,12:17:42,남자
speaker2,저도 마침 가봐야 했는데 잘 됐네요.,33340,2022-10-08,12:18:43,남자
speaker1,그럼 다음에 또 연락하는 걸로 해요.,32863,2022-10-08,12:19:44,남자
speaker2,네. 그렇게 해요. 좋은 하루 보내세요.,33340,2022-10-08,12:20:45,남자
speaker1,안녕하세요? 어제 그쪽이랑 대화가 너무 재밌어서 또 전화 드렸어요.,32863,2022-10-08,12:22:47,남자
speaker2,안녕하세요? 저도 재밌었어요. 그쪽도 재밌으셨다니 좋네요. 어제 친구는 잘 만나고 오셨나요?,33340,2022-10-08,12:23:48,남자
speaker1,네. 최근에 대화한 사람 중에 저랑 가장 이야기가 잘 통하는 것 같아요.,32863,2022-10-08,12:24:49,남자
speaker2,하하. 정말요? 저도 그쪽이랑 대화하는 게 즐거워요.,33340,2022-10-08,12:25:50,남자
speaker1,앞으로 자주 이야기 해요. 근데 오늘 아침에 뉴스속보 보셨나요?,32863,2022-10-08,12:26:51,남자
speaker2,아니요. 늦잠자서 급하게 나오느라 못 봤어요. 무슨 내용이었나요?,33340,2022-10-08,12:27:52,남자
speaker1,요즘 환절기라서 그런지 낮과 밤의 일교차가 크다고 하네요.,32863,2022-10-08,12:28:53,남자
speaker2,그렇군요. 어쩐지 낮에는 따뜻하고 저녁에는 쌀쌀하더라고요.,33340,2022-10-08,12:29:54,남자
speaker1,저는 자다가 추워서 깬 적도 있어요.,32863,2022-10-08,12:30:55,남자
speaker2,저도 그런 적이 있는데 똑같네요. 하하.,33340,2022-10-08,12:31:56,남자
speaker1,그래서 요즘에는 잘 때 꼭 이불을 덮어요.,32863,2022-10-08,12:32:57,남자
speaker2,저도 그래야겠네요. 좀 더 두꺼운 이불을 덮어야겠어요.,33340,2022-10-08,12:33:58,남자
speaker1,저는 이제 병원에 가야해서 이만 가볼게요.,32863,2022-10-08,12:34:59,남자
speaker2,병원이요? 어디 아프신 거에요?,33340,2022-10-08,12:36:00,남자
speaker1,아니요. 그냥 정기검진 때문에 가려고요.,32863,2022-10-08,12:37:01,남자
speaker2,다행이네요. 그럼 검사 잘 받으시고 다음에 또 연락해요.,33340,2022-10-08,12:38:02,남자
