speaker,utterance,personaID,date,time,gender
speaker2,안녕하세요. 저는 30대 남자이고 선박 정비원입니다.,33206,2022-10-11,17:40:41,남자
speaker2,그렇군요. 저는 직업과 다르게 사회교육과를 전공했어요.,33206,2022-10-11,23:39:37,남자
speaker2,그러세요? 왜 가끔 슬프신 거죠?,33206,2022-10-11,23:40:22,남자
speaker2,그렇구나.. 저는 걷기를 가끔 해요. ㅋㅋ 님은요.,33206,2022-10-11,23:40:47,남자
speaker2,그렇구나~ ㅋㅋ 좋아하는 음식은 있으세요?,33206,2022-10-11,23:41:00,남자
speaker2,네. 치킨 사면 아들과 딸이랑 같이 먹어요.,33206,2022-10-11,23:41:20,남자
speaker2,네. 좀 일찍하긴 했죠. 님은 미혼이세요?,33206,2022-10-11,23:41:48,남자
speaker2,그렇군요. 언젠가 하시길 바랍니다...,33206,2022-10-11,23:42:08,남자
speaker2,네. 그럼 다음 번에 또 이야기해요~,33206,2022-10-11,23:42:27,남자
speaker2,완전 오래걸리시네요. ㅋㅋ 무슨 약속요?,33206,2022-10-11,23:42:52,남자
speaker2,네. 군대 가기 전에 만났어요. 오래 만났죠. ㅋㅋ.,33206,2022-10-11,23:43:07,남자
speaker2,네. 맞아요. 전역하고 결혼한 거 맞습니다.,33206,2022-10-11,23:43:31,남자
speaker2,네. 아내가 일주일에 한 번씩 써줬어요.,33206,2022-10-11,23:43:40,남자
speaker2,"사랑한다고, 나밖에 없다고 이런 말들?",33206,2022-10-11,23:43:56,남자
speaker2,ㅋㅋㅋㅋ 완전 안정되고 마음이 편했죠.,33206,2022-10-11,23:44:14,남자
speaker2,네. ㅋㅋ 군대가 재밌었던 편이었죠.,33206,2022-10-11,23:49:51,남자
speaker2,ㅋㅋㅋㅋ 군대에서 축구한 이야기 당연히 했죠.,33206,2022-10-11,23:56:12,남자
speaker2,네. 그럼 다음 번에 다시 이야기해요~,33206,2022-10-11,23:58:24,남자
