speaker,utterance,personaID,date,time,gender
speaker1,안녕하세요? 저는 20대 남자에요.,20099,2022-09-29,09:25:12,남자
speaker2,안녕하세요? 저는 20대 남자에요.,20853,2022-09-29,09:25:12,남자
speaker1,그렇군요. 지금 뭐하고 계세요? 저는 종교가 원불교라 절에 가보려고요.,20099,2022-09-29,09:25:12,남자
speaker2,저는 종교 여행을 자주 가는데 저랑 비슷하시네요.,20853,2022-09-29,09:25:12,남자
speaker1,그런가요? 오늘 오후에는 뭐 하실 거에요? 저는 줄넘기를 하려고요. 평소에 자주 하거든요.,20099,2022-09-29,09:25:12,남자
speaker2,저는 일렉기타를 연주하려고요. 평소에도 자주 해요.,20853,2022-09-29,09:25:12,남자
speaker1,"근데 말씀하시는 거 보니까 공부를 잘하셨을 것 같은데 어디 대학 나오셨어요? 저는 서운대 나왔어요. 전공은 영어영문이고, 부전공은 국사학이에요.",20099,2022-09-29,09:25:12,남자
speaker2,저도 서운대에요. 저는 원자핵공학과 전공이에요.,20853,2022-09-29,09:25:12,남자
speaker1,동문이셨군요. 서로 같이 아는 지인도 있을 수 있겠네요.,20099,2022-09-29,09:25:12,남자
speaker2,그러게요. 제 대학 동기들한테 그쪽 아는 지 물어볼게요.,20853,2022-09-29,09:25:12,남자
speaker1,저는 이제 절에 가봐야겠네요.,20099,2022-09-29,09:25:12,남자
speaker2,그렇군요. 그럼 저도 이제 오늘 할 일을 하러 가봐야겠네요.,20853,2022-09-29,09:25:12,남자
speaker1,나중에 또 연락하기로 해요.,20099,2022-09-29,09:25:12,남자
speaker2,네. 그렇게 하기로 해요. 좋은 하루 되세요.,20853,2022-09-29,09:25:12,남자
speaker1,안녕하세요? 잠깐 쉬다가 그쪽 생각이 나서 연락했어요. 하루 만이네요.,20099,2022-09-29,09:25:12,남자
speaker2,쉬는 시간이군요. 하하. 제가 보고 싶으셨나봐요. 어제 절은 잘 다녀오셨어요?,20853,2022-09-29,09:25:12,남자
speaker1,네. 그정도 까지는 아니에요. 하하. 농담이에요. 뭐하고 계셨어요?,20099,2022-09-29,09:25:12,남자
speaker2,저도 잠깐 쉬면서 머리를 식히고 있었어요.,20853,2022-09-29,09:25:12,남자
speaker1,제가 요즘도 신문을 구독해서 아침에 받아서 보는데 오늘 신문 1면 기사 보셨나요?,20099,2022-09-29,09:25:12,남자
speaker2,아니요. 저는 신문을 구독하거나 찾아서 보진 않아서 모르겠네요. 무슨 내용이었어요?,20853,2022-09-29,09:25:12,남자
speaker1,요즘 가족 간의 갈등에 대한 내용이었어요.,20099,2022-09-29,09:25:12,남자
speaker2,그렇군요. 더 자세히 말해주세요. 궁금하네요.,20853,2022-09-29,09:25:12,남자
speaker1,요즘 바빠서 사소한 다툼도 서로 풀 시간이 없어서 큰 갈등이 된다고 하더라고요.,20099,2022-09-29,09:25:12,남자
speaker2,확실히 저도 요즘 바빠서 가족에게 신경을 못 쓴 것 같네요.,20853,2022-09-29,09:25:12,남자
speaker1,땀이 왜 이렇게 나는지 모르겠네요. 시원하게 샤워가 하고 싶네요. 이만 가봐야겠어요.,20099,2022-09-29,09:25:12,남자
speaker2,자주 그러시면 병원에 한번 가보세요.,20853,2022-09-29,09:25:12,남자
speaker1,제가 원래 몸에 열이 많아서 그럴 거에요. 걱정해주셔서 감사합니다.,20099,2022-09-29,09:25:12,남자
speaker2,그렇군요. 그럼 다음에 또 뵈요.,20853,2022-09-29,09:25:12,남자
