speaker,utterance,personaID,date,time,gender
speaker1,좋은 아침입니다~ 저는 남자예요. 30대구요.,30583,2022-09-23,13:04:54,남자
speaker1,저는 경호원 일을 하고 있습니다. 여성분은 어떤일 하세요?,30583,2022-09-23,13:05:45,남자
speaker1,아휴 감사합니다. 선생님이 더 대단하신데요? 남자친구 분은 있으세요?,30583,2022-09-23,13:06:40,남자
speaker1,흠 어떤 것 때문에 자주 싸우시는 거예요? 참고로 전 솔로예요.,30583,2022-09-23,13:07:52,남자
speaker1,의견이 다르신거구나. 얘기하다보면 풀릴 문제 같아요. 프랑스엔 왜 가시고 싶은 거예요?,30583,2022-09-23,13:09:38,남자
speaker1,"아 그러시구나. 저는 사진 찍는 건 싫고, 눈으로 담고 싶어하는 편이라 잘 모르겠네요; 그래도 남자친구분이 맞춰주실 법 한데...",30583,2022-09-23,13:12:42,남자
speaker1,취미는 따로 없어요. 저는 출장이 많아서 집에 거북이를 키워요. 거북이 보는게 취미죠ㅋㅋㅋ 여성분은요?,30583,2022-09-23,13:15:15,남자
speaker1,네. 저도 책 좋아해요. 시나 동화는 싫어해서 추리소설만 주로 읽어요. 죄송한데 저 잠시 미팅 좀 다녀올게요.,30583,2022-09-23,13:17:02,남자
speaker1,오늘 미팅은 1시간만에 일찍 끝났네요~ 뭐하고 계세요?,30583,2022-09-23,13:17:55,남자
speaker1,주로 연예인 경호 업무를 맡고있다보니 안전한 이동 경로에 대해 미팅해요~ 출장이 잦다보니 거북이 키우는 거구요!,30583,2022-09-23,13:20:03,남자
speaker1,"밥을 자주 안줘도 되고, 물도 일주일에 한번만 갈아주면 되서 편해요~ 동물병원 갈 일도 많이 없구요~",30583,2022-09-23,13:21:24,남자
speaker1,집에가면 찍어서 보여드리께요~ 근데 지금 탈피 중이라 안 이쁠지도 몰라요ㅋ 이번에 탈피가 제대로 안되면 동물병원 데려가야해서ㅠㅠ.,30583,2022-09-23,13:22:58,남자
speaker1,크면서 거북이집이 작아지면 탈피해요~ 저도 키우면서 거북이에 대해 공부 많이했어요. 혹시 동물 안키우시는 이유가 따로 있나요?,30583,2022-09-23,13:25:03,남자
speaker1,퇴근이 늦어서 못 키우시는 거였구나~그래요! 거북이도 애교 있어서 키울 맛 나실거예요~,30583,2022-09-23,13:27:47,남자
speaker1,공연 거의 다 마무리되서 차까지만 경호해 드리면 바로 퇴근할수 있을 거 같아요!,30583,2022-09-23,13:29:01,남자
speaker1,식사는 매일 도시락으로 먹어요ㅎㅎ 공연 끝났네요. 제가 아예 퇴근하고 집가서 연락드릴께요!,30583,2022-09-23,13:30:18,남자
