speaker,utterance,personaID,date,time,gender
speaker1,반갑습니다. 전 20대 남자입니다. 소개 부탁드려요.,00993,2022-08-27,05:38:02,남자
speaker2,반가워요. 저도 20대 남자입니다. 안녕하세요.,01022,2022-08-27,05:38:36,남자
speaker1,저는 음악 듣구 있었어요. 뭐하고 계셨나요?,00993,2022-08-27,05:39:02,남자
speaker2,PC게임을 자주 해서 지금도 하고 있었어요.,01022,2022-08-27,05:39:17,남자
speaker1,무슨 게임 좋아하세요? 저는 R&B음악을 가끔 듣는데 오늘은 R&B 음악만 듣고 있네요.,00993,2022-08-27,05:40:01,남자
speaker2,배틀 그라운드라는 총게임을 하고 있어요.,01022,2022-08-27,05:40:35,남자
speaker1,"오, 저는 총게임은 도저히 못하겠던데 잘하시나봐요.",00993,2022-08-27,05:41:04,남자
speaker2,제가 선후배와 잘 어울리는데 다들 이 게임을 같이 즐기다 보니 잘하게 되었어요.,01022,2022-08-27,05:41:45,남자
speaker1,그렇군요. PC 게임말고 다른 취미는 없나요?,00993,2022-08-27,05:42:38,남자
speaker2,캠핑을 좋아해요. 그래서 주말에는 캠핑을 다니고 있어요.,01022,2022-08-27,05:43:05,남자
speaker1,저도 캠핑 좋아해요. 가족들과 떨어져 살아서 주로 카톡으로 이야기 하는데 캠핑 이야기만 해요. 캠핑은 친구분들과 다녀요?,00993,2022-08-27,05:44:11,남자
speaker2,"네, 취미가 캠핑인 친구가 두명 있어서 주로 친구들과 다니고 있어요.",01022,2022-08-27,05:44:42,남자
speaker1,저는 약속이 있어서 다음에 캠핑 관련해서 이야기 해요.,00993,2022-08-27,05:45:27,남자
speaker2,저도 마저 게임하러 가야겠네요. 다음에 이야기 해요.,01022,2022-08-27,05:45:45,남자
speaker1,이틀만이네요. 점심시간인데 식사는 했나요?,00993,2022-08-27,05:46:31,남자
speaker2,고추잡채를 좋아해서 주문해놨어요.,01022,2022-08-27,05:46:55,남자
speaker1,맵지 않나요? 저는 오코노미야키를 즐겨먹거든요.,00993,2022-08-27,05:47:26,남자
speaker2,오코노미야키도 맛있죠. 맵긴한데 고추잡채랑 음료수랑 같이 먹으면 너무 맛있어요.,01022,2022-08-27,05:47:52,남자
speaker1,탄산이랑 같이 먹나요? 저는 음료수는 별로 안좋아하고 커피를 좋아해요.,00993,2022-08-27,05:48:22,남자
speaker2,저는 음료수 완전 좋아합니다. 고추잡채에는 탄산이랑 먹어야 맛있어요.,01022,2022-08-27,05:49:02,남자
speaker1,탄산음료 마시면 빨리 배부르지 않나요?,00993,2022-08-27,05:49:27,남자
speaker2,톡 쏘는 맛이 시원하게 소화되는 느낌이라서 배부르다고 생각은 안들어요.,01022,2022-08-27,05:49:54,남자
speaker1,탄산 마시면 배불러서 다른 음식이 더 안들어가서 잘 안마셔요. 탄산음료 중에 어떤거 좋아하세요?,00993,2022-08-27,05:50:33,남자
speaker2,코가콜라 좋아해요. 요즘 @브랜드명1@도 맛있어서 잘 마시고 있어요.,01022,2022-08-27,05:50:50,남자
speaker1,@브랜드명1@면 체리맛 나는 콜라 맞나요?,00993,2022-08-27,05:51:03,남자
speaker2,맞아요. 그것도 요즘 잘마시고 있어요. 다음에 한번 마셔봐요.,01022,2022-08-27,05:51:18,남자
speaker1,"네, 마셔볼게요. 저는 이제 점심 먹어야겠네요.",00993,2022-08-27,05:51:39,남자
speaker2,맛있게 먹어요. 저도 이만 고추잡채 먹으러 가볼게요.,01022,2022-08-27,05:52:17,남자
