speaker,utterance,personaID,date,time,gender
speaker1,안녕하세요. 저는 20대 남자입니다.,20219,2022-09-13,21:55:01,남자
speaker1,와 벌써 임용고시까지 다보셨나봐요? 저는 아직 대학생인데 ㅎㅎ.,20219,2022-09-13,21:56:07,남자
speaker1,네 입학한지 얼마 안된 새내기입니다. ㅎㅎ.,20219,2022-09-13,21:57:25,남자
speaker1,요즘은 농구부 동아리 들어서 활동하고있어요.,20219,2022-09-13,21:58:00,남자
speaker1,와 독서 어떤 책 좋아하세요? 저는 요즘 전공책밖에 읽은 기억이 없네요.,20219,2022-09-13,22:00:03,남자
speaker1,장학금타려고 열공중이죠 ㅎㅎ 다른 취미는 없으신가요?,20219,2022-09-13,22:02:13,남자
speaker1,당연히 알죠~ 가격이 비싸서 엄두는 못내고있지만 돈 좀 벌면 게임기 사서 하려고 기대중입니다 ㅎㅎ.,20219,2022-09-13,22:05:08,남자
speaker1,네 나중에 꼭 추천해주세요. 저는 내일 아침 첫타임 강의라 먼저 자러가보겠습니다 ㅎㅎ.,20219,2022-09-13,22:06:40,남자
speaker1,잘 주무셨나요? 저는 수면이 부족했는지 아침 강의 내내 잤는데 허리가 너무아프네용 ㅠㅠ.,20219,2022-09-13,22:08:39,남자
speaker1,자리가 불편해서 못잘줄알았는데 원래 아무데서나 잘자서그런가 그대로 잠들어 버렸네요 ㅋㅋ.,20219,2022-09-13,22:10:41,남자
speaker1,결혼식가시는구나 친구분도 수학 교사 신가요?,20219,2022-09-13,22:13:11,남자
speaker1,그런가요. 저도 축하한다고 전해주세요 ㅎㅎ 저는 언제 취업하고 결혼할지 막막하네요.,20219,2022-09-13,22:14:58,남자
speaker1,저는 아직 결혼하는 친구들은 없지만 그래도 걱정되네요 만약 결혼식하게되면 어느계절에 하고싶으세요?,20219,2022-09-13,22:16:36,남자
speaker1,저는 봄쯤에 하면 좋을것 같네요. 따뜻한걸 좋아해서 날씨가 따뜻한 봄이 좋을것 같아요 ㅎㅎ.,20219,2022-09-13,22:17:18,남자
speaker1,그쵸 일단 저도 여자친구부터 만들어야하는데 ㅋㅋ 사회 생활 선배로써 팁없나요?,20219,2022-09-13,22:19:11,남자
speaker1,말을 아낀다라.... 제가 원체 수다스러워서 그런건 힘들것 같은데 ㅋㅋㅋ 한번 노력해 보겠습니다.,20219,2022-09-13,22:20:54,남자
speaker1,그래야겠죠 팁 감사합니다! 아직 대학 새내기긴하지만 언젠가는 꼭 도움이 될날이 있을것 같네요.,20219,2022-09-13,22:22:26,남자
speaker1,네 ㅎㅎ 저는 이만 농구 경기가 있어서 먼저 가볼게요 오늘 조언 감사했습니다!,20219,2022-09-13,22:23:32,남자
