speaker,utterance,personaID,date,time,gender
speaker1,반갑습니다! 저는 50대 남자입니다~,50029,2022-10-02,21:30:16,남자
speaker1,오늘 주말인데 뭐하세요? 저는 남동생과 밥먹으러 갑니다 ㅎㅎ 저희가 아직 친하게 지내거든요.,50029,2022-10-02,21:31:02,남자
speaker1,에어로빅 운동 잘 되나요? 저는 에어로빅 한번도 안해봤어요.,50029,2022-10-02,21:31:34,남자
speaker1,음 취미활동 보다는 그냥 사람 만나는걸 좋아해요~,50029,2022-10-02,21:32:08,남자
speaker1,약간 그래요 ㅎㅎ 제가 대학교를 졸업한지 꽤 됬는데 아직도 동기들이랑 연락합니다.,50029,2022-10-02,21:32:44,남자
speaker1,제 주위에도 그런사람 있어요~ ㅎㅎ 님은 반려동물 키우시나요?,50029,2022-10-02,21:33:30,남자
speaker1,저는 물고기 한 마리를 키우고 있어요~ 고양이 키운지 얼마나 되셨어요?,50029,2022-10-02,21:33:55,남자
speaker1,저는 2달이요~^^ 아 이제 슬 나가봐야겠네요~,50029,2022-10-02,21:34:30,남자
speaker1,저는 어제 밥잘 먹고 잘 놀았습니다 ㅎㅎ 님은요?,50029,2022-10-02,21:35:20,남자
speaker1,과일 좋아하시나봐요~ 저도 좋아합니다^^ 어떤과일 드셨어요?,50029,2022-10-02,21:35:53,남자
speaker1,맛있었겠네요~ ㅋㅋ 아 님은 부동산에 관련해서 잘 아시나요?,50029,2022-10-02,21:36:26,남자
speaker1,제가 이번에 이사를 가려고 하는데 부동산에 가봐야 하나 싶어서요.,50029,2022-10-02,21:36:59,남자
speaker1,없습니다.. 요즘 부동산이 너무 많아서 어떤 곳을 가야할지 모르겠네요ㅠ.,50029,2022-10-02,21:37:34,남자
speaker1,다음주에 한번 가보려고요~ 부동산 갈때 준비해가야 하는 것들이 따로 있나요?,50029,2022-10-02,21:38:17,남자
speaker1,오~ 요즘엔 그런 어플도 있나요? 저는 처음 들어봅니다.,50029,2022-10-02,21:38:45,남자
speaker1,다음주에 가기전에 한번 보고가야겠네요~ 좋은정보 감사합니다 ^^,50029,2022-10-02,21:39:17,남자
