speaker,utterance,personaID,date,time,gender
speaker1,안녕하세요~ 30대 남자예요~ 수원에 살아요.,32953,2022-10-06,08:40:23,남자
speaker2,저는 서울에 거주합니다! 저도 30대 남자입니다. 잘 부탁드려요~,33225,2022-10-06,08:41:00,남자
speaker1,어서오세요~ 제가 종교여행을 자주 가는데 이번 여행은 즐거웠네요.,32953,2022-10-06,08:41:23,남자
speaker2,종교가 있으신가 보군요~ 저도 저도 요즘 가끔 괴로운데 여행이나 갔다 올까봐요~,33225,2022-10-06,08:41:57,남자
speaker1,그렇군요~ 무슨일이 있으셨나요?,32953,2022-10-06,08:42:05,남자
speaker2,오랫동안 친구로 지내던 사람이랑 다투고 멀어져서요..,33225,2022-10-06,08:42:33,남자
speaker1,그랬군요. 그럴때는 여행을 가서 훌훌 털어버리는것도 방법이죠.,32953,2022-10-06,08:42:46,남자
speaker2,저도 그렇게 생각해요. 뉴질랜드에 가 보고 싶네요~,33225,2022-10-06,08:43:01,남자
speaker1,뉴질랜드 정말 좋은곳이라고 생각해요. 자연이 아름답잖아요.,32953,2022-10-06,08:43:15,남자
speaker2,네. 그런 것 같더라고요~ 힐링도 될 것 같고요~,33225,2022-10-06,08:43:41,남자
speaker1,그러네요~ 가서 반지의 제왕 촬영지도 가보면 좋을것 같아요.,32953,2022-10-06,08:44:01,남자
speaker2,네! 거기도 가보고 싶네요! 반지의 제왕 좋아하니까요~,33225,2022-10-06,08:44:28,남자
speaker1,맞아요~ 호빗마을도 있다고 들었어요.,32953,2022-10-06,08:44:45,남자
speaker2,"아, 그런가요? 흥미진진하네요~ 좀 더 알아봐야겠어요!",33225,2022-10-06,08:45:14,남자
speaker1,한번 알아보세요~ 잠시만요. 전화가 와서요~,32953,2022-10-06,08:45:22,남자
speaker2,네~ 알겠습니다~ 천천히 통화하시고 오세요~,33225,2022-10-06,08:45:31,남자
speaker1,저번에 전화가 온게 지인의 부고 소식이었네요... 정말 비통하네요.,32953,2022-10-06,08:45:40,남자
speaker2,아.. 그러셨구나.. 장례는 잘 치루고 오셨어요?,33225,2022-10-06,08:46:16,남자
speaker1,네. 잘 치루고 왔어요. 제가 전자음악을 가끔 듣는데 그분이 알려주신건데...,32953,2022-10-06,08:46:31,남자
speaker2,아이고.. 너무 심려 마세요.. 좋은 곳에 가셨을 거예요..,33225,2022-10-06,08:46:55,남자
speaker1,그렇다고 믿어야죠... 뭐 하시나요?,32953,2022-10-06,08:46:58,남자
speaker2,제가 스포츠 TV를 자주 보는데 즐겨 먹는 치킨이랑 보고 있었어요.,33225,2022-10-06,08:47:18,남자
speaker1,그렇군요~ 어떤 종목을 좋아하시나요?,32953,2022-10-06,08:47:32,남자
speaker2,저는 축구를 자주 봐요. 리버풀 팬이네요.,33225,2022-10-06,08:47:48,남자
speaker1,EPL을 보시는군요~ 그나저나 저번에 배를 시켰는데 안 먹는 사과가 오네요.,32953,2022-10-06,08:48:05,남자
speaker2,배송이 잘 못 됐나 봐요~ 환불은 하셨어요?,33225,2022-10-06,08:48:21,남자
speaker1,네. 환불 요청해서 기사님이 오신다고 하네요.,32953,2022-10-06,08:48:33,남자
speaker2,그래도 요즘 환불 잘 되니까 다행이네요~,33225,2022-10-06,08:48:48,남자
speaker1,요즘에는 시스템이 잘 되어있죠~ 그냥 클릭 한번으로 환불이 되니까요.,32953,2022-10-06,08:49:02,남자
speaker2,그러니까요~ 요즘은 전화로 안 해도 다 잘 되더라고요~,33225,2022-10-06,08:49:19,남자
speaker1,맞아요~ 그게 편해요~ 마침 기사님이 오셨나봐요~ 잠시만요.,32953,2022-10-06,08:49:31,남자
speaker2,네! 알겠습니다~ 일 보시고 연락 주세요~,33225,2022-10-06,08:49:42,남자
